words,freq
oscars,65
minnelli,36
claims,33
ceremony,29
collaborator,29
smith,23
sabotaged,22
feinstein,19
wheelchair,16
wassabotaged,15
star,15
is,14
s,14
forced,14
michael,13
pinkett,13
grammy,13
nominee,13
alleged,13
appear,13
jada,11
talk,10
red,8
huffpost,7
be,7
friend,6
says,6
â€˜,6
liza,6
wishes,6
rock,6
returning,5
going,5
chris,4
oscar,4
has,4
phil_lewis_,4
facebook,4
watch,4
tomorrow,4
backstage,4
slap,3
did,3
need,3
returns,3
variety,3
lineup,3
mention,3
gown,3
vanity,3
ğŸ¥,3
justjared,3
were,3
table,3
huffpostqueer,3
winner,2
movie,2
week,2
post-oscars,2
episode,2
season,2
redtabletalk,2
's,2
amp,2
way,2
look,2
talking,2
post,2
jonbatiste,2
won,2
year,2
shit,2
been,2
gaga,2
state,2
trailer,2
cine,2
proyecciÃ³n,2
â€œ,2
âœ¨,2
hrs,2
escuela,2
slaps,2
stage,2
ellemagazine,2
dakota,2
johnson,2
looked,2
princess,2
gucci,2
longtime,2
director,2
production,2
want,2
wake,2
altercation,2
shame,2
kill,2
trash,2
heapâ€¦,2
t,2
safeforchris,1
evans,1
king,1
jadapinkettsmith,1
oscars2022,1
criticschoicesawards,1
emmys,1
champion,1
ğŸ¥ğŸ¥ğŸ¥ğŸ¥ğŸ¥ğŸ¥ğŸ¥ğŸ¥ğŸ¥,1
take,1
voices,1
have,1
prove,1
pal,1
pagesixliza,1
announces,1
coming,1
againstâ€¦this,1
makes,1
sense,1
wonder,1
yahoort,1
samuelljackson,1
revelations,1
call,1
bosses,1
outrages,1
board,1
smartnews,1
imani_gomes,1
ayannapressley,1
..,1
commiting,1
assault,1
act,1
handle,1
situation,1
joke,1
jps,1
stand,1
herself,1
empowered,1
iambeckyg,1
â­ï¸,1
theacademy,1
theinsideoutex1,1
things,1
freeâ€¦things,1
freedom,1
joy,1
healing,1
nerdist,1
dune,1
ğŸ†https,1
smiths,1
keep,1
profile,1
settled,1
bout,1
f,1
*,1
ck,1
bag,1
againstâ€¦rt,1
yahoomichael,1
set,1
pipes,1
give,1
bit,1
thinks,1
does,1
stink,1
put,1
mind,1
discoverfoshan,1
foshan,1
guicheng,1
reading,1
station,1
design,1
award,1
desiâ€¦new,1
following,1
framing,1
nominees,1
feature,1
product,1
kids,1
parents,1
endure,1
beâ€¦see,1
stewart,1
chanel,1
cineclubucn,1
ciclo,1
universâ€¦this,1
infuriating,1
thing,1
list,1
feel,1
ashamed,1
catÃ³lica,1
del,1
ğŸ“Œ,1
gratuita,1
y,1
abierta,1
pÃºblico,1
i,1
respond,1
oscarslap,1
light,1
easter,1
brokensaintblog,1
deucaliondurden,1
le,1
scÃ¨ne,1
ğŸ¬,1
hommes,1
femmes,1
tousâ€¦n,1
sont,1
que,1
des,1
hoax,1
ğŸ‘ğŸ”º,1
claqueğŸ‘‹,1
jehangirmalik,1
feelingblessed,1
ramadan,1
eve,1
appgbritmuslims,1
array,1
talent,1
incluâ€¦liza,1
company,1
had,1
experience,1
heads,1
show,1
academy,1
cuts,1
awards,1
broadcast,1
indication,1
years,1
chair,1
pride,1
wants,1
packer,1
said,1
leave,1
sources,1
say,1
tmzone,1
collaborators,1
friends,1
appearance,1
part,1
seen,1
released,1
discuss,1
debacle,1
acceptance,1
speech,1
spiked,1
audience,1
viewers,1
johnapp63499667,1
south,1
park,1
animated,1
greatest-night,1
television,1
historygaga,1
moment,1
deadline,1
extratv,1
markcovino,1
payne,1
explains,1
accent,1
felt,1
shaken,1
being,1
thejoshuablog,1
huffpostent,1
|,1
politicsmichael,1
update,1
smith'sred,1
revealed,1
episodes,1
missing,1
guest,1
know,1
states,1
mandates,1
weren,1
covid,1
science,1
isn,1
union,1
airplane,1
air,1
benson,1
spotted,1
making,1
pre-oscars,1
party,1
pagesix,1
